StudentID,Name,Gender,ParentalSupport,ExtracurricularActivities
1,"Harshal Joshi",Male,High,Sports
2,"Lavanya Chaudhari",Male,Low,Music
3,"Pallavi Bansal",Female,Low,Dance
4,"Chiranjeeva Gupta",Male,Low,Chess
5,"Ayush Sharma",Female,Medium,Music
6,"Kapil Ali",Female,Medium,Cricket
7,"Brijesh Singh",Female,High,None
8,"Ashok Malhotra",Female,Low,Swimming
9,"Arnav Dubey",Female,Low,Sports
10,"Mani Chaudhari",Male,High,Science Club
11,"Farhan Srivastava",Female,Medium,None
12,"Pradeep Tripathi",Female,High,Debate
13,"Indira Agarwal",Male,Low,Art
14,"Tushar Nath",Male,High,Writing
15,"Tara Upadhyay",Male,Medium,Sports
16,"Dhruv Pillai",Male,High,Swimming
17,"Chiranjeeva Yadav",Male,High,Badminton
18,"Falguni Dwivedi",Male,High,Photography
19,"Wajira Dasgupta",Female,High,Sports
20,"Zara Gupta",Female,Medium,Football
21,"Brijesh Verma",Female,High,Dance
22,"Ila Ali",Female,High,Robotics
23,"Priya Khan",Male,Medium,Badminton
24,"Janvi Joshi",Female,Medium,Theater
25,"Jaswant Shah",Female,Low,Music
26,"Daksh Bhat",Male,High,Writing
27,"Sandeep Bansal",Male,High,Photography
28,"Yogi Agarwal",Male,Medium,Sports
29,"Yuki Trivedi",Female,High,Music
30,"Deepak Rao",Male,Medium,Dance
31,"Pooja Rao",Male,Medium,Music
32,"Indira Roy",Female,Medium,Cricket
33,"Bharat Singh",Male,Low,Art
34,"Pradeep Joshi",Female,Low,Debate
35,"Mohan Malhotra",Male,Medium,Cricket
36,"Ushma Kapoor",Female,High,Badminton
37,"Arya Bansal",Female,High,Coding
38,"Quran Biswas",Male,Medium,Yoga
39,"Suresh Sharma",Male,Low,Robotics
40,"Gyanesh Joshi",Female,Medium,Robotics
41,"Sanjay Dey",Female,High,Science Club
42,"Queen Shah",Male,Low,Debate
43,"Pallavi Dwivedi",Female,Medium,Cricket
44,"Ojaswi Joshi",Male,Medium,Art
45,"Akshay Pillai",Male,High,Football
46,"Falguni Verma",Female,High,Yoga
47,"Dhruv Dixit",Male,Low,Cricket
48,"Sandeep Dasgupta",Female,Low,Football
49,"Lavanya Saxena",Female,Medium,Chess
50,"Jayant Bhowmick",Female,High,Art
51,"Tayal Upadhyay",Female,Medium,Writing
52,"Chirag Yadav",Female,Medium,Debate
53,"Jyoti Yadav",Female,Medium,Football
54,"Olga Joshi",Male,Low,Science Club
55,"Asha Dixit",Female,Low,Basketball
56,"Leela Iyer",Male,Low,Coding
57,"Veda Iyengar",Female,Medium,Cricket
58,"Pooja Bhat",Female,Low,Badminton
59,"Wajid Mukherjee",Male,Low,Photography
60,"Arnav Kapoor",Female,High,Yoga
61,"Xavier Dixit",Male,Low,Photography
62,"Prakash Iyer",Female,Low,None
63,"Zara Shah",Male,Medium,Chess
64,"Gauravi Gupta",Female,Medium,Writing
65,"Ayush Nath",Male,High,Art
66,"Nikita Arora",Male,High,Badminton
67,"Manish Sharma",Female,High,Coding
68,"Ramya Menon",Male,High,Music
69,"Rohan Trivedi",Female,High,Theater
70,"Rahul Verma",Female,High,None
71,"Harshit Pandey",Female,High,Photography
72,"Yogesh Pillai",Male,Low,Writing
73,"Daksh Banerjee",Male,Medium,Music
74,"Mayank Shah",Male,Medium,None
75,"Asha Pandey",Female,Medium,Chess
76,"Walton Chopra",Female,Medium,Art
77,"Yuki Bansal",Male,High,Football
78,"Vasanthi Desai",Male,Low,Chess
79,"Puja Chaudhari",Female,Low,Dance
80,"Mithal Singh",Male,High,Badminton
81,"Rakesh Banerjee",Female,Medium,Chess
82,"Prem Kulkarni",Female,Medium,Writing
83,"Mani Mukherjee",Male,Medium,Theater
84,"Diya Pillai",Female,Low,Badminton
85,"Nipa Saxena",Male,High,Dance
86,"Ojaswi Kapoor",Female,Medium,Swimming
87,"Kapil Desai",Female,High,None
88,"Karan Yadav",Male,Medium,None
89,"Naveen Pandey",Male,Medium,Debate
90,"Ravi Mishra",Male,High,None
91,"Mukesh Dey",Female,High,Yoga
92,"Tanya Agarwal",Male,High,Writing
93,"Lata Shah",Male,Medium,Basketball
94,"Ayush Shah",Male,High,Cricket
95,"Tanvi Patel",Female,High,None
96,"Daksh Verma",Male,Medium,Coding
97,"Bhumika Joshi",Female,Medium,Badminton
98,"Prem Sinha",Male,Low,Swimming
99,"Puja Menon",Female,Low,Cricket
100,"Yogi Das",Male,Medium,Music
101,"Aarav Biswas",Female,High,Football
102,"Veda Nair",Male,High,Chess
103,"Ramya Ali",Female,Low,Badminton
104,"Ramesh Pillai",Female,Medium,Basketball
105,"Prabhu Patel",Male,Low,Yoga
106,"Omar Sharma",Male,High,Art
107,"Ila Bhattacharya",Male,Medium,Art
108,"Fiona Dubey",Male,High,Theater
109,"Ishita Arora",Male,Medium,Photography
110,"Lavanya Chakraborty",Male,Medium,Robotics
111,"Walton Kulkarni",Male,Low,Photography
112,"Neha Das",Male,Low,Football
113,"Mani Verma",Male,High,Badminton
114,"Savitri Iyer",Male,Medium,Sports
115,"Vanshika Srivastava",Male,Low,Yoga
116,"Vanshika Mukhopadhyay",Male,Medium,Robotics
117,"Hema Mishra",Female,High,Chess
118,"Jyoti Kumar",Female,Low,Swimming
119,"Mayank Bhat",Male,Medium,Robotics
120,"Pallavi Mishra",Male,Low,Writing
121,"Lata Trivedi",Male,High,Cricket
122,"Neeraj Rao",Female,Low,Writing
123,"Daksh Desai",Female,High,Dance
124,"Aparna Shah",Female,Medium,Theater
125,"Kishan Verma",Female,Medium,Robotics
126,"Hemlata Menon",Male,High,None
127,"Yogi Bhattacharya",Male,High,Football
128,"Rohan Khan",Male,Low,Robotics
129,"Yogesh Khan",Male,High,Badminton
130,"Chakri Reddy",Male,Low,Sports
131,"Hema Joshi",Male,High,Yoga
132,"Xavier Dubey",Male,High,Chess
133,"Lata Mishra",Female,Low,Photography
134,"Lokesh Yadav",Male,High,Dance
135,"Thara Nair",Male,Low,None
136,"Zain Biswas",Male,High,Basketball
137,"Jaswant Iyengar",Female,Low,Cricket
138,"Chirag Chopra",Male,Low,Cricket
139,"Madhuri Yadav",Female,Low,Swimming
140,"Harshit Das",Male,Low,Sports
141,"Karan Kapoor",Male,Low,Writing
142,"Nirmala Mukhopadhyay",Female,Medium,None
143,"Pooja Chopra",Female,High,Sports
144,"Wajid Sen",Male,High,Debate
145,"Faisal Ali",Female,Medium,Music
146,"Arnav Singh",Female,Low,Yoga
147,"Neha Trivedi",Female,Low,Theater
148,"Chiranjeeva Nath",Male,Low,Robotics
149,"Bharat Verma",Male,High,Swimming
150,"Rajesh Mukherjee",Female,High,Yoga
151,"Veda Kumar",Male,High,None
152,"Mohan Dwivedi",Female,High,Chess
153,"Rohan Das",Male,Medium,Music
154,"Avinash Srivastava",Female,High,Badminton
155,"Hina Mukhopadhyay",Female,Medium,Dance
156,"Prabhu Shah",Male,Medium,Science Club
157,"Rajni Shah",Male,Medium,Basketball
158,"Darshan Dasgupta",Male,High,Robotics
159,"Thara Mazumdar",Male,Medium,Science Club
160,"Sanjay Saxena",Male,High,Robotics
161,"Ekta Bhowmick",Male,High,Writing
162,"Wajira Verma",Male,Low,Photography
163,"Asha Sharma",Female,Medium,Dance
164,"Chiranjeeva Banerjee",Female,High,Cricket
165,"Hemlata Yadav",Male,High,Badminton
166,"Wajid Chatterjee",Female,High,Swimming
167,"Sanjay Dubey",Male,High,Music
168,"Mayank Nair",Female,High,Dance
169,"Bikram Iyer",Female,High,Photography
170,"Veda Mishra",Female,Low,Basketball
171,"Karan Rao",Female,High,Swimming
172,"Kaush Dwivedi",Male,Medium,Writing
173,"Zorya Kapoor",Female,Low,Dance
174,"Avni Kulkarni",Female,Low,Chess
175,"Wajid Malhotra",Male,Low,Cricket
176,"Bikram Mazumdar",Male,High,Sports
177,"Yogi Chakraborty",Male,Low,Football
178,"Vasanthi Verma",Female,Medium,Robotics
179,"Olga Roy",Male,Medium,Badminton
180,"Manish Kapoor",Male,Medium,Robotics
181,"Bhumika Bansal",Male,Medium,Dance
182,"Ishaan Sinha",Male,High,Debate
183,"Rashmi Nair",Female,High,Cricket
184,"Zorya Sinha",Male,High,Music
185,"Thara Chopra",Female,Medium,Sports
186,"Karan Dubey",Female,Medium,Sports
187,"Quran Nath",Male,High,Music
188,"Gaurav Ali",Female,Low,None
189,"Diya Sen",Male,Medium,Sports
190,"Gitika Bhowmick",Female,Medium,Swimming
191,"Kavya Verma",Male,Medium,Photography
192,"Darshan Patel",Female,Low,Photography
193,"Gyanesh Das",Female,Medium,Dance
194,"Ritu Biswas",Female,Medium,Robotics
195,"Karan Chakraborty",Male,Low,Writing
196,"Nishant Chatterjee",Male,Medium,Music
197,"Bikram Gupta",Female,Medium,Football
198,"Neha Bhat",Male,High,Dance
199,"Rajni Desai",Female,Medium,Science Club
200,"Rakesh Iyer",Female,High,None
201,"Qadar Singh",Male,Medium,Science Club
202,"Hema Mazumdar",Male,Medium,Debate
203,"Jyoti Kulkarni",Female,Medium,Swimming
204,"Walton Bhat",Male,Medium,Theater
205,"Yasmin Chakraborty",Male,Medium,Badminton
206,"Farah Malhotra",Female,High,Coding
207,"Siddharth Kapoor",Female,Low,Science Club
208,"Savitri Kumar",Female,High,Writing
209,"Vasanthi Biswas",Male,High,Photography
210,"Ila Iyengar",Female,Low,Theater
211,"Rashmi Nath",Male,High,Football
212,"Nishant Rao",Female,Low,Theater
213,"Harshal Pandey",Male,High,Basketball
214,"Krisha Srivastava",Male,Low,Yoga
215,"Ananya Kulkarni",Male,Medium,Dance
216,"Omar Chakraborty",Female,High,Dance
217,"Janvi Malhotra",Female,Medium,Badminton
218,"Isha Khan",Male,Low,Swimming
219,"Karan Singh",Male,Low,Art
220,"Nikita Khan",Female,Medium,Cricket
221,"Rashmi Bhowmick",Male,High,Debate
222,"Madhuri Chopra",Male,Low,Theater
223,"Anjali Nair",Female,High,Swimming
224,"Avinash Singh",Female,High,Dance
225,"Rajni Pandey",Female,High,Writing
226,"Aditya Desai",Female,High,Yoga
227,"Sanjana Chaudhari",Female,Low,Football
228,"Diya Roy",Female,Low,Music
229,"Vishal Singh",Male,High,Sports
230,"Anjali Shah",Male,Low,Cricket
231,"Rahul Arora",Female,Low,Art
232,"Puja Kulkarni",Female,Low,Yoga
233,"Pooja Sen",Female,High,Chess
234,"Daksh Saxena",Female,High,Science Club
235,"Yamini Kumar",Male,High,Cricket
236,"Mukesh Desai",Female,Low,Music
237,"Gauravi Trivedi",Female,Medium,Robotics
238,"Ayush Dwivedi",Female,High,Writing
239,"Gyanesh Srivastava",Male,High,Science Club
240,"Deepak Ahmed",Female,Low,Art
241,"Prakash Reddy",Male,Medium,Chess
242,"Yasmin Joshi",Female,Low,Debate
243,"Queen Biswas",Male,High,Sports
244,"Qadar Tripathi",Male,High,Art
245,"Vasanthi Trivedi",Male,Low,Football
246,"Nirmala Chakraborty",Female,Low,Photography
247,"Chitra Iyengar",Male,Medium,Debate
248,"Ravi Chopra",Female,Low,Dance
249,"Sangita Nath",Female,Medium,Art
250,"Arya Trivedi",Male,Medium,Basketball
251,"Diya Pandey",Female,High,Debate
252,"Tanvi Upadhyay",Female,Low,Cricket
253,"Zorya Dixit",Male,Low,Debate
254,"Lavanya Malhotra",Male,High,Swimming
255,"Puja Dasgupta",Male,Medium,Coding
256,"Bharat Mukherjee",Female,Medium,Writing
257,"Ojaswi Iyengar",Female,Low,None
258,"Usha Pillai",Male,Medium,Football
259,"Chirag Bhat",Female,Medium,Badminton
260,"Zoya Kulkarni",Male,High,Robotics
261,"Hema Malhotra",Female,Medium,Art
262,"Nishant Malhotra",Male,High,Music
263,"Uday Srivastava",Female,Medium,Writing
264,"Anushka Nath",Female,High,Robotics
265,"Gaurav Das",Male,Low,Cricket
266,"Rakesh Das",Female,High,Dance
267,"Hema Kumar",Female,Low,Dance
268,"Chiranjeeva Arora",Female,Low,Theater
269,"Janvi Gupta",Female,Medium,Badminton
270,"Naveen Dey",Male,Low,Coding
271,"Xylo Khan",Female,Medium,Art
272,"Prakash Iyengar",Female,Low,Yoga
273,"Ishaan Gupta",Male,Medium,Sports
274,"Xylo Ahmed",Male,Medium,Chess
275,"Ananya Shah",Male,High,Badminton
276,"Gauravi Desai",Male,High,Badminton
277,"Jaswant Upadhyay",Male,Medium,Debate
278,"Lata Pandey",Female,Medium,Writing
279,"Avni Srivastava",Female,Low,Sports
280,"Deepak Sinha",Male,Low,None
281,"Omkar Pandey",Male,High,Chess
282,"Ananya Mukhopadhyay",Female,Medium,Debate
283,"Vasanthi Banerjee",Male,Medium,Robotics
284,"Priyanka Sinha",Female,Low,Football
285,"Ekta Chopra",Female,High,Swimming
286,"Jaswant Ahmed",Male,Low,Coding
287,"Umesh Desai",Female,Low,Yoga
288,"Harshit Dey",Male,Medium,Cricket
289,"Aarav Mishra",Male,Medium,Music
290,"Lokesh Bhat",Female,High,Science Club
291,"Puja Rao",Female,Medium,Chess
292,"Ishan Agarwal",Male,Low,Art
293,"Eshan Joshi",Female,Medium,Science Club
294,"Suman Srivastava",Male,High,Football
295,"Ishaan Ali",Female,Medium,Yoga
296,"Savitri Bansal",Male,Medium,Debate
297,"Vishal Kapoor",Male,Medium,Badminton
298,"Ravi Shah",Female,Medium,Robotics
299,"Hemlata Dixit",Male,High,Badminton
300,"Laya Biswas",Female,Medium,Dance
301,"Nirmala Arora",Female,Medium,Dance
302,"Meera Kumar",Male,High,Robotics
303,"Tanya Gupta",Female,Medium,Dance
304,"Vishal Gupta",Male,Low,Photography
305,"Wajid Iyer",Female,Medium,Sports
306,"Nipa Mukhopadhyay",Female,Low,Dance
307,"Neeraj Roy",Female,Medium,None
308,"Chitra Mukhopadhyay",Female,High,Debate
309,"Ritu Mishra",Male,Medium,Dance
310,"Pradeep Pandey",Female,High,None
311,"Priya Singh",Male,High,Sports
312,"Fiona Kapoor",Male,Medium,Theater
313,"Harshit Chakraborty",Female,Medium,Debate
314,"Mukesh Iyer",Female,Medium,Swimming
315,"Omkar Reddy",Male,Low,Photography
316,"Krisha Chopra",Male,High,Badminton
317,"Tanvi Shah",Male,Medium,Music
318,"Umesh Nath",Male,Low,Yoga
319,"Ushma Iyengar",Male,Medium,Photography
320,"Jayant Agarwal",Male,Low,Badminton
321,"Fiona Chopra",Female,Low,Science Club
322,"Ravi Nair",Male,Medium,Yoga
323,"Sangita Joshi",Female,Low,Badminton
324,"Brijesh Pandey",Female,Low,Yoga
325,"Farah Dasgupta",Female,High,Yoga
326,"Tarun Dey",Female,Low,Badminton
327,"Aarav Roy",Female,High,Theater
328,"Akshay Sharma",Male,High,Writing
329,"Yogi Dwivedi",Female,High,Badminton
330,"Yogesh Joshi",Female,High,Robotics
331,"Amara Das",Male,Medium,Robotics
332,"Sundar Joshi",Male,Medium,Writing
333,"Yash Pandey",Female,High,None
334,"Falguni Chopra",Female,High,None
335,"Radha Banerjee",Female,Medium,Swimming
336,"Priyanka Malhotra",Male,High,Writing
337,"Priyanka Dwivedi",Male,High,Football
338,"Bhumika Bansal",Female,Medium,Badminton
339,"Ramesh Chatterjee",Female,Medium,Sports
340,"Sandeep Gupta",Female,High,Art
341,"Kaush Sinha",Female,Medium,Yoga
342,"Bidya Kumar",Female,Low,Robotics
343,"Veda Chatterjee",Male,Low,Basketball
344,"Prem Bansal",Female,Low,Badminton
345,"Nirmala Mazumdar",Female,Medium,Basketball
346,"Chirag Chatterjee",Male,High,Science Club
347,"Tanvi Tripathi",Male,Low,Robotics
348,"Rajni Pillai",Male,High,Basketball
349,"Sundar Shah",Female,Medium,Chess
350,"Ojaswi Singh",Male,Medium,Theater
351,"Zorya Biswas",Male,Low,Writing
352,"Suresh Bhattacharya",Male,High,Music
353,"Pallavi Ahmed",Male,High,Dance
354,"Arjun Patel",Female,High,None
355,"Bikram Dasgupta",Female,Medium,Photography
356,"Rajni Dubey",Female,Low,Cricket
357,"Karan Shah",Female,Medium,Art
358,"Avni Malhotra",Female,Medium,Writing
359,"Jayant Trivedi",Female,Low,Photography
360,"Gauravi Tripathi",Male,Medium,Robotics
361,"Savitri Verma",Male,High,Badminton
362,"Akshay Dey",Male,Low,Photography
363,"Madhuri Iyengar",Male,Low,Debate
364,"Naveen Dwivedi",Female,Low,Photography
365,"Walton Dubey",Male,Low,Writing
366,"Nishant Roy",Male,Medium,Science Club
367,"Diya Kumar",Male,High,Coding
368,"Yogesh Sinha",Female,Low,Science Club
369,"Wajid Bhat",Male,Low,Coding
370,"Mithal Tripathi",Male,Low,Debate
371,"Quincy Das",Male,High,Music
372,"Ekta Desai",Female,High,Football
373,"Chakri Bansal",Female,High,Chess
374,"Gyanesh Dasgupta",Male,High,Art
375,"Hina Sinha",Male,Medium,Writing
376,"Mukesh Ahmed",Male,High,Basketball
377,"Veda Nath",Female,Medium,Yoga
378,"Mithal Agarwal",Male,Low,Robotics
379,"Jalaja Nath",Female,High,Photography
380,"Gitika Agarwal",Male,High,Football
381,"Pallavi Khan",Male,High,None
382,"Fiona Chopra",Female,Medium,Debate
383,"Anjali Roy",Female,Medium,Art
384,"Quincy Srivastava",Male,Medium,Theater
385,"Farhan Menon",Male,Medium,Basketball
386,"Ushma Bhat",Female,Low,Coding
387,"Hina Trivedi",Female,Low,None
388,"Jayant Iyengar",Female,Low,Cricket
389,"Karan Desai",Female,Low,Dance
390,"Ushma Roy",Male,Low,Science Club
391,"Hemlata Gupta",Female,High,Music
392,"Lakshmi Chatterjee",Female,High,Photography
393,"Tanvi Tripathi",Male,Medium,Debate
394,"Devendra Bhat",Female,Low,Science Club
395,"Deepak Sinha",Male,Medium,Music
396,"Ekta Biswas",Female,High,Cricket
397,"Lokesh Dixit",Male,High,Art
398,"Nikhil Khan",Male,Low,Theater
399,"Priya Joshi",Female,High,Football
400,"Harshal Roy",Male,High,Robotics
401,"Lata Srivastava",Female,Low,Football
402,"Sanjana Dey",Male,Low,Robotics
403,"Rajesh Verma",Female,Low,Football
404,"Gyanesh Upadhyay",Female,Medium,Swimming
405,"Rohan Sen",Female,High,Writing
406,"Chandni Mukherjee",Female,Low,Music
407,"Ravi Joshi",Male,High,Cricket
408,"Yasmin Reddy",Male,Medium,Football
409,"Arya Sinha",Male,Medium,Robotics
410,"Ojaswi Iyer",Female,Medium,Cricket
411,"Hema Kapoor",Male,Medium,Art
412,"Omar Chaudhari",Female,Low,Theater
413,"Radha Khan",Female,Medium,Swimming
414,"Quran Nath",Male,Low,Science Club
415,"Chiranjeeva Reddy",Male,Low,Yoga
416,"Suresh Bhat",Male,Medium,Chess
417,"Harshal Ali",Male,High,Cricket
418,"Asha Malhotra",Male,Low,Dance
419,"Xavier Bhowmick",Female,High,Football
420,"Rajni Menon",Female,High,Writing
421,"Faisal Tripathi",Male,Low,Chess
422,"Quincy Gupta",Female,High,Theater
423,"Hina Das",Female,Medium,Theater
424,"Puja Shah",Female,High,Coding
425,"Gyanesh Das",Female,High,Music
426,"Prabhu Roy",Male,Medium,Writing
427,"Ekta Agarwal",Male,Low,Debate
428,"Vasanthi Reddy",Male,Low,Chess
429,"Rashmi Mazumdar",Male,Medium,Chess
430,"Karan Chatterjee",Male,High,Dance
431,"Zorya Nair",Male,Low,Theater
432,"Sangita Kumar",Male,High,Chess
433,"Aarav Verma",Male,Medium,Basketball
434,"Yogesh Mukherjee",Male,Medium,Sports
435,"Lokesh Mazumdar",Male,Low,Coding
436,"Bhumika Dasgupta",Female,High,Robotics
437,"Jaswant Dixit",Female,High,Swimming
438,"Lokesh Pillai",Male,High,Photography
439,"Ishita Kumar",Female,Medium,Robotics
440,"Vasanthi Sen",Male,High,Music
441,"Ushma Dey",Male,Medium,Coding
442,"Bikram Mishra",Male,High,Basketball
443,"Jalaja Das",Male,Low,Badminton
444,"Ramya Trivedi",Female,High,Writing
445,"Uma Upadhyay",Male,High,Theater
446,"Hina Pandey",Female,Medium,Science Club
447,"Mohan Gupta",Female,Low,Swimming
448,"Chiranjeeva Yadav",Female,High,Chess
449,"Ushma Trivedi",Male,High,Debate
450,"Prakash Agarwal",Male,Medium,Coding
451,"Vimal Kumar",Female,High,Football
452,"Kavya Patel",Female,High,Football
453,"Isha Desai",Male,High,Swimming
454,"Lakshmi Joshi",Female,Medium,Robotics
455,"Tanya Yadav",Female,High,Writing
456,"Jalaja Kulkarni",Female,Medium,Football
457,"Nishant Agarwal",Female,Low,Photography
458,"Vimal Pandey",Male,High,Football
459,"Veda Chopra",Female,High,Dance
460,"Olga Menon",Female,Medium,Dance
461,"Nishant Saxena",Male,Low,Coding
462,"Thara Bansal",Male,High,Badminton
463,"Savitri Dasgupta",Male,Medium,Badminton
464,"Harshal Pillai",Female,Medium,Basketball
465,"Tanya Sen",Male,Medium,Robotics
466,"Jyoti Mazumdar",Male,High,Cricket
467,"Rakesh Kumar",Female,Low,Basketball
468,"Wajira Rao",Female,High,Robotics
469,"Nikhil Dasgupta",Female,High,Dance
470,"Arya Desai",Male,Low,Cricket
471,"Ishan Biswas",Male,Medium,Coding
472,"Kishan Verma",Female,Medium,Dance
473,"Aparna Joshi",Male,High,Coding
474,"Quincy Menon",Female,High,Basketball
475,"Deepak Upadhyay",Male,Low,Cricket
476,"Suresh Dwivedi",Female,High,Writing
477,"Ojaswi Patel",Female,Medium,Football
478,"Kavya Joshi",Female,Low,Theater
479,"Pallavi Chopra",Male,Low,None
480,"Jyoti Agarwal",Male,Low,Dance
481,"Gyanesh Patel",Male,High,Cricket
482,"Anjali Kumar",Male,High,Badminton
483,"Aparna Iyengar",Female,Low,Badminton
484,"Laya Kulkarni",Female,Medium,Debate
485,"Chirag Dey",Female,High,Theater
486,"Qadar Pandey",Female,High,Dance
487,"Darshan Rao",Male,Medium,Science Club
488,"Usha Arora",Female,Low,Basketball
489,"Nishant Roy",Female,High,Theater
490,"Ishan Roy",Male,Medium,Coding
491,"Zain Dey",Female,Medium,Science Club
492,"Prabhu Tripathi",Male,Low,None
493,"Ishaan Nair",Female,High,Dance
494,"Anjali Arora",Female,Low,Theater
495,"Falguni Bhattacharya",Male,High,Science Club
496,"Vikram Kulkarni",Male,High,Science Club
497,"Jalaja Arora",Female,Medium,Theater
498,"Janvi Dwivedi",Female,High,Yoga
499,"Chandni Roy",Female,Low,Theater
500,"Nipa Shah",Female,Medium,Sports
501,"Sandeep Ahmed",Female,Low,Science Club
502,"Yasmin Banerjee",Female,Medium,Robotics
503,"Gyanesh Dasgupta",Male,Medium,Dance
504,"Chitra Dubey",Female,Low,Football
505,"Priyanka Chatterjee",Male,High,Football
506,"Meera Singh",Male,High,Art
507,"Savitri Bhat",Female,Medium,Badminton
508,"Jalaja Bhattacharya",Male,Low,Cricket
509,"Sanjana Patel",Male,Medium,Coding
510,"Uma Mukherjee",Female,Low,Art
511,"Anushka Agarwal",Male,Medium,Theater
512,"Lavanya Reddy",Female,High,Cricket
513,"Harsh Bhat",Male,Medium,Yoga
514,"Ekta Rao",Male,Low,Debate
515,"Tushar Mukherjee",Female,Low,Art
516,"Akshay Dubey",Female,High,Badminton
517,"Diya Nath",Male,Medium,Debate
518,"Arya Sinha",Male,High,Coding
519,"Vikram Roy",Male,Low,Cricket
520,"Mani Bhowmick",Female,Low,Badminton
521,"Naveen Trivedi",Female,Low,Writing
522,"Tushar Ali",Female,Low,Coding
523,"Avni Gupta",Male,High,Chess
524,"Ojaswi Nair",Male,Medium,Football
525,"Ananya Verma",Male,Medium,Basketball
526,"Vimal Chopra",Male,Medium,Theater
527,"Ramya Iyengar",Female,High,Theater
528,"Ishan Shah",Female,High,None
529,"Yogi Dasgupta",Female,Medium,Swimming
530,"Nishant Arora",Male,High,Cricket
531,"Nikhil Chatterjee",Female,High,Dance
532,"Krisha Dey",Female,High,Badminton
533,"Quran Chakraborty",Female,Low,Swimming
534,"Ishan Shah",Female,High,Coding
535,"Dhruv Chatterjee",Male,Medium,None
536,"Diya Yadav",Male,Low,Chess
537,"Jalaja Shah",Male,Low,Debate
538,"Priya Iyer",Male,Low,Science Club
539,"Vasanthi Kumar",Female,Low,Art
540,"Tarun Bhat",Male,Low,None
541,"Priya Arora",Male,Low,Swimming
542,"Ekta Gupta",Female,High,Basketball
543,"Omar Chakraborty",Male,High,Basketball
544,"Tushar Rao",Male,Low,Debate
545,"Jyoti Pillai",Male,Low,Science Club
546,"Pradeep Kumar",Female,Medium,Photography
547,"Tayal Banerjee",Female,Low,Debate
548,"Nishant Trivedi",Female,Medium,Music
549,"Vasanthi Biswas",Female,High,Music
550,"Zain Banerjee",Male,Low,Writing
551,"Radha Nath",Male,High,Football
552,"Priyanka Mukhopadhyay",Male,High,Coding
553,"Devendra Iyer",Male,High,Yoga
554,"Eshan Mukhopadhyay",Female,Medium,Basketball
555,"Pooja Mazumdar",Male,Medium,Sports
556,"Sanjay Kulkarni",Male,Low,Yoga
557,"Priyanka Yadav",Male,Low,Yoga
558,"Hema Rao",Male,Medium,Cricket
559,"Chiranjeeva Bhat",Male,High,Cricket
560,"Falguni Bhattacharya",Male,Low,Basketball
561,"Jeewan Tripathi",Male,High,Cricket
562,"Isha Upadhyay",Male,High,Theater
563,"Neeraj Iyengar",Female,Low,Cricket
564,"Eshana Chaudhari",Male,Low,Art
565,"Asha Verma",Male,High,Badminton
566,"Akshay Pandey",Male,Low,Art
567,"Chitra Trivedi",Male,Low,Dance
568,"Anushka Bhowmick",Female,Medium,Robotics
569,"Fiona Kulkarni",Male,High,Football
570,"Suman Bansal",Male,High,Chess
571,"Gita Chatterjee",Male,High,Science Club
572,"Ekta Sen",Male,Medium,Robotics
573,"Usha Nair",Male,Low,Dance
574,"Aarav Reddy",Female,High,Science Club
575,"Neha Dasgupta",Male,Low,Art
576,"Xavier Agarwal",Male,Medium,None
577,"Madhuri Pillai",Female,Low,Sports
578,"Veda Bansal",Male,Medium,Cricket
579,"Vasanthi Reddy",Female,High,Writing
580,"Lokesh Mishra",Female,Medium,Music
581,"Mayank Chaudhari",Female,Medium,Badminton
582,"Diya Dasgupta",Male,High,Debate
583,"Siddharth Mazumdar",Female,Low,Art
584,"Mohan Sen",Female,Medium,Coding
585,"Diya Shah",Female,Medium,Chess
586,"Vasanthi Reddy",Male,High,Theater
587,"Laya Verma",Female,Medium,None
588,"Tayal Roy",Male,High,Debate
589,"Aditya Dixit",Female,Medium,Photography
590,"Jaswant Trivedi",Male,Low,Debate
591,"Fiona Upadhyay",Male,Medium,Basketball
592,"Vidya Srivastava",Male,Low,Cricket
593,"Ravi Desai",Male,Medium,Sports
594,"Veda Chopra",Female,Low,Robotics
595,"Neeraj Gupta",Male,High,Writing
596,"Thara Arora",Male,Low,Basketball
597,"Ushma Dixit",Female,Medium,Art
598,"Laya Gupta",Female,Low,Chess
599,"Dhruv Pandey",Male,Low,Robotics
600,"Jayant Nair",Female,Medium,Robotics
601,"Farah Das",Female,High,Photography
602,"Bharat Dey",Male,Medium,Coding
603,"Ishaan Kulkarni",Male,High,Photography
604,"Xylo Chatterjee",Female,High,Cricket
605,"Daksh Bhowmick",Male,Low,Sports
606,"Sanjay Dubey",Female,Low,Photography
607,"Tayal Kumar",Female,Medium,Theater
608,"Meera Sharma",Female,High,Cricket
609,"Isha Dwivedi",Male,Low,Cricket
610,"Darshan Banerjee",Female,High,Writing
611,"Eshan Mukhopadhyay",Female,Medium,Writing
612,"Ravi Kapoor",Female,Low,Sports
613,"Varun Sharma",Male,High,Music
614,"Rajesh Dixit",Female,High,Badminton
615,"Vanshika Mukherjee",Male,Medium,Basketball
616,"Chirag Malhotra",Male,High,Writing
617,"Lokesh Gupta",Male,High,Writing
618,"Sanjay Ali",Female,Medium,Robotics
619,"Faisal Singh",Female,High,Chess
620,"Ishita Kumar",Male,Medium,Chess
621,"Puja Nath",Male,High,Art
622,"Tarun Bhat",Male,Low,Football
623,"Neeraj Rao",Female,Medium,Robotics
624,"Kishan Khan",Female,Medium,Music
625,"Omkar Mazumdar",Female,Medium,Coding
626,"Umesh Malhotra",Female,Medium,Music
627,"Gyanesh Dubey",Male,Low,Basketball
628,"Nirmala Joshi",Male,High,Football
629,"Vimal Chaudhari",Female,Low,Basketball
630,"Jayant Rao",Female,Low,Photography
631,"Satya Kumar",Male,Medium,Debate
632,"Quran Pandey",Male,High,Science Club
633,"Prakash Pillai",Female,Low,Football
634,"Nishant Nath",Male,High,Coding
635,"Yamini Iyengar",Male,Low,Photography
636,"Mithal Iyengar",Female,High,Theater
637,"Falguni Das",Male,Low,Basketball
638,"Rohan Tripathi",Male,Medium,Swimming
639,"Yogesh Malhotra",Female,Medium,Art
640,"Sundar Kapoor",Male,Medium,Badminton
641,"Tanya Dwivedi",Female,High,Debate
642,"Tarun Bhat",Male,High,Badminton
643,"Wajid Dwivedi",Male,Low,Robotics
644,"Aarav Bhattacharya",Male,Medium,Dance
645,"Yash Kumar",Male,Low,Cricket
646,"Harshal Upadhyay",Female,Medium,Yoga
647,"Tarun Nath",Male,Medium,Football
648,"Mani Biswas",Female,Low,Sports
649,"Aparna Shah",Female,Low,Debate
650,"Rohan Mishra",Female,Low,Basketball
651,"Ishan Joshi",Male,Low,Writing
652,"Devendra Chaudhari",Female,High,Music
653,"Bhavna Patel",Female,High,Robotics
654,"Hema Mukherjee",Male,Low,Writing
655,"Harshit Dixit",Female,High,Swimming
656,"Leela Kumar",Female,Low,Basketball
657,"Zain Chopra",Male,Low,Dance
658,"Tanya Bansal",Male,Medium,Basketball
659,"Arnav Dixit",Female,Medium,None
660,"Mani Singh",Female,Low,Art
661,"Amara Pandey",Female,Medium,Coding
662,"Brijesh Kulkarni",Female,Low,Music
663,"Aparna Desai",Male,Medium,Sports
664,"Hina Bhowmick",Female,Medium,Badminton
665,"Arnav Nath",Male,Medium,Theater
666,"Sangita Patel",Male,Low,Science Club
667,"Ravi Saxena",Female,Medium,Swimming
668,"Arjun Dubey",Female,Medium,Music
669,"Qadar Sinha",Female,Medium,Chess
670,"Chakri Bhowmick",Male,Low,Sports
671,"Rajesh Kapoor",Female,Low,Coding
672,"Indira Mukhopadhyay",Male,Medium,Music
673,"Gaurav Gupta",Female,Medium,Swimming
674,"Tanya Mishra",Male,Medium,Debate
675,"Mayank Chakraborty",Male,Low,Art
676,"Pallavi Gupta",Female,High,Dance
677,"Omar Dwivedi",Male,Low,Photography
678,"Ramesh Dubey",Female,Low,None
679,"Faisal Agarwal",Female,Medium,Debate
680,"Sanjay Banerjee",Male,Low,Dance
681,"Yamini Rao",Female,Medium,Basketball
682,"Thara Desai",Male,Medium,Dance
683,"Aarav Banerjee",Male,Medium,Coding
684,"Hemlata Iyengar",Male,Medium,Dance
685,"Omkar Menon",Male,High,Robotics
686,"Pradeep Tripathi",Female,High,Chess
687,"Omkar Desai",Female,Low,Basketball
688,"Neha Singh",Male,Medium,Swimming
689,"Vishal Bansal",Male,Low,Swimming
690,"Avinash Yadav",Female,Low,Photography
691,"Rajni Chaudhari",Male,Medium,Writing
692,"Lokesh Bhat",Male,High,Chess
693,"Siddharth Pandey",Male,Medium,Photography
694,"Thara Rao",Male,Medium,Sports
695,"Anushka Bhattacharya",Male,Medium,Art
696,"Eshan Mazumdar",Male,Medium,Writing
697,"Isha Sen",Female,High,Music
698,"Mukesh Chaudhari",Male,Medium,Robotics
699,"Puja Sen",Male,Medium,Photography
700,"Nirmala Banerjee",Male,Low,Coding
701,"Hema Pandey",Male,Low,Music
702,"Pallavi Bhat",Female,Low,Coding
703,"Pradeep Verma",Female,High,Photography
704,"Lata Ahmed",Male,High,Football
705,"Fiona Menon",Male,High,Dance
706,"Devendra Mukherjee",Male,High,Theater
707,"Lavanya Verma",Male,High,Art
708,"Yash Mishra",Female,Low,Cricket
709,"Mani Bhattacharya",Female,Low,Badminton
710,"Yuki Dasgupta",Female,Medium,None
711,"Xylo Saxena",Female,Low,Football
712,"Chiranjeeva Ali",Male,High,Sports
713,"Savitri Singh",Female,High,Art
714,"Tara Das",Female,High,Yoga
715,"Harshal Menon",Female,Medium,Chess
716,"Leela Trivedi",Female,High,Coding
717,"Krisha Khan",Female,Low,Yoga
718,"Lakshmi Agarwal",Male,Low,Art
719,"Anushka Nair",Male,Low,Robotics
720,"Sandeep Iyengar",Female,Low,Science Club
721,"Jaswant Ali",Male,High,None
722,"Madhuri Sinha",Female,High,Art
723,"Rakesh Trivedi",Female,High,None
724,"Gauravi Pillai",Female,Medium,Swimming
725,"Pooja Chaudhari",Female,Medium,Chess
726,"Chandan Bhattacharya",Male,High,None
727,"Mohan Kumar",Male,Low,Cricket
728,"Nirmala Banerjee",Female,Medium,None
729,"Chitra Saxena",Female,Low,Debate
730,"Gyanesh Biswas",Female,Low,Sports
731,"Vasanthi Mazumdar",Male,High,Photography
732,"Chiranjeeva Banerjee",Male,High,Art
733,"Jalaja Trivedi",Male,Low,Chess
734,"Lakshmi Chopra",Female,High,Football
735,"Zara Reddy",Female,High,Art
736,"Aparna Menon",Male,Low,Swimming
737,"Ushma Bhat",Female,High,Writing
738,"Gauravi Das",Male,Low,Badminton
739,"Zain Desai",Male,Medium,Basketball
740,"Gitika Roy",Male,High,Dance
741,"Prakash Sen",Female,Medium,Sports
742,"Tara Chaudhari",Male,High,Music
743,"Yogi Shah",Female,Medium,Sports
744,"Mithal Roy",Male,Low,Theater
745,"Yash Arora",Male,High,Theater
746,"Tanvi Pandey",Male,High,Chess
747,"Pradeep Rao",Male,Medium,Chess
748,"Vishal Dwivedi",Female,Medium,Art
749,"Walton Joshi",Female,High,Coding
750,"Qadar Bhat",Male,High,Football
751,"Mani Kapoor",Male,Medium,Art
752,"Chitra Bhat",Female,Low,Dance
753,"Jalaja Dwivedi",Male,Medium,Dance
754,"Mohan Ahmed",Male,High,Coding
755,"Tara Dubey",Male,High,Debate
756,"Gaurav Verma",Male,Low,Basketball
757,"Nikhil Srivastava",Female,Medium,None
758,"Leela Bansal",Female,Medium,Sports
759,"Tarun Ali",Male,Medium,Music
760,"Arjun Bhat",Female,Low,Sports
761,"Asha Srivastava",Female,High,Badminton
762,"Wajira Singh",Male,Medium,Badminton
763,"Malini Kulkarni",Male,High,Writing
764,"Eshan Upadhyay",Female,High,Science Club
765,"Mukesh Gupta",Male,Low,Writing
766,"Yogi Dubey",Female,Low,Photography
767,"Omkar Reddy",Female,Medium,Robotics
768,"Tushar Malhotra",Male,Medium,Sports
769,"Ojaswi Ahmed",Male,High,Music
770,"Jaswant Chopra",Male,Low,Coding
771,"Jalaja Iyer",Female,Medium,Coding
772,"Bhumika Verma",Female,High,Photography
773,"Quran Verma",Male,Low,Basketball
774,"Harsh Chatterjee",Male,Medium,Cricket
775,"Usha Agarwal",Male,Low,Sports
776,"Sangita Mukhopadhyay",Female,High,Theater
777,"Qadar Joshi",Female,High,Swimming
778,"Nipa Kumar",Male,High,Writing
779,"Ojaswi Shah",Male,Low,Sports
780,"Vidya Dixit",Female,Medium,Swimming
781,"Yasmin Gupta",Female,High,Yoga
782,"Ayush Mazumdar",Male,High,Theater
783,"Thara Dey",Female,Low,None
784,"Vikram Reddy",Female,Low,Sports
785,"Zakir Bhat",Male,Medium,Yoga
786,"Asha Ahmed",Male,Medium,Debate
787,"Harsh Verma",Male,Low,Robotics
788,"Yash Nath",Female,High,Debate
789,"Uday Gupta",Female,High,Sports
790,"Karan Dwivedi",Male,Medium,Art
791,"Karan Dey",Male,High,Basketball
792,"Sundar Arora",Male,Medium,Music
793,"Nishant Das",Female,Medium,Music
794,"Ila Reddy",Female,Low,Badminton
795,"Suman Banerjee",Female,High,Coding
796,"Avinash Iyer",Male,Low,Photography
797,"Omar Chaudhari",Male,High,Swimming
798,"Anushka Mazumdar",Female,Medium,Photography
799,"Zoya Malhotra",Female,High,Art
800,"Isha Banerjee",Female,Medium,None
801,"Falguni Joshi",Male,High,Dance
802,"Kaush Joshi",Male,Low,Theater
803,"Avinash Kulkarni",Female,Low,None
804,"Tara Dwivedi",Female,High,Art
805,"Rohan Arora",Female,High,Dance
806,"Suman Dasgupta",Male,High,Photography
807,"Gita Pandey",Female,Low,Basketball
808,"Ritu Verma",Male,Medium,Chess
809,"Aparna Pandey",Male,Low,Art
810,"Yogi Mazumdar",Female,High,Music
811,"Nikita Bhattacharya",Female,Medium,Coding
812,"Amara Iyer",Female,Low,Theater
813,"Xavier Patel",Male,High,Cricket
814,"Mohan Patel",Female,Low,Theater
815,"Ravi Malhotra",Male,Medium,Basketball
816,"Ravi Nair",Male,Medium,Photography
817,"Devendra Agarwal",Male,High,None
818,"Ananya Dubey",Male,Low,Debate
819,"Bidya Dey",Male,Medium,Football
820,"Chandni Malhotra",Male,High,Dance
821,"Aparna Agarwal",Male,Medium,Basketball
822,"Kishan Dubey",Female,Medium,Swimming
823,"Wajid Roy",Male,Medium,Science Club
824,"Jalaja Nath",Female,Low,Writing
825,"Laya Tripathi",Male,Medium,Chess
826,"Vikram Dubey",Male,Medium,Music
827,"Ila Bhowmick",Female,High,Chess
828,"Krisha Mazumdar",Female,Low,Yoga
829,"Priya Shah",Male,Low,Debate
830,"Sanjay Nair",Male,Low,Coding
831,"Anjali Iyengar",Male,Low,Football
832,"Walton Gupta",Female,Medium,Swimming
833,"Tayal Chatterjee",Male,Medium,Coding
834,"Deepak Rao",Male,Low,Music
835,"Ushma Reddy",Male,Medium,Cricket
836,"Radha Verma",Male,Medium,Chess
837,"Chakri Biswas",Female,Medium,Photography
838,"Olga Roy",Female,High,Writing
839,"Zorya Gupta",Female,High,Coding
840,"Yogi Tripathi",Male,Medium,Debate
841,"Prakash Khan",Female,High,Writing
842,"Avinash Desai",Female,High,Science Club
843,"Rakesh Chopra",Female,Low,Music
844,"Daksh Chatterjee",Male,Low,Debate
845,"Divya Pandey",Male,Medium,Cricket
846,"Prabhu Dasgupta",Male,High,Yoga
847,"Pallavi Dasgupta",Male,Medium,Art
848,"Siddharth Joshi",Male,Low,None
849,"Vishal Joshi",Female,Low,Sports
850,"Farah Patel",Male,Medium,Swimming
851,"Hemlata Srivastava",Male,Low,Basketball
852,"Zorya Chakraborty",Male,Medium,Theater
853,"Ekta Srivastava",Female,High,Robotics
854,"Mohan Sinha",Female,Low,Writing
855,"Diya Arora",Female,Low,Swimming
856,"Madhuri Nath",Male,Low,Art
857,"Tarun Rao",Female,High,Robotics
858,"Yuki Pillai",Male,High,Theater
859,"Suman Malhotra",Male,Medium,Robotics
860,"Harshal Verma",Male,Low,Debate
861,"Puja Verma",Male,High,Yoga
862,"Harsh Nath",Female,Medium,Badminton
863,"Lakshmi Rao",Female,Medium,Badminton
864,"Wajid Menon",Female,Low,Swimming
865,"Mithal Kumar",Male,Low,Sports
866,"Nikhil Arora",Female,Low,Science Club
867,"Omar Dwivedi",Male,High,Debate
868,"Xavier Sen",Female,Medium,Art
869,"Jaswant Tripathi",Female,High,None
870,"Zorya Nath",Female,Medium,Yoga
871,"Nipa Mazumdar",Female,Low,Art
872,"Farah Chakraborty",Male,Medium,Robotics
873,"Eshana Bhattacharya",Female,Medium,Swimming
874,"Mani Rao",Male,Low,Badminton
875,"Ananya Saxena",Female,Medium,Robotics
876,"Bidya Trivedi",Female,Low,None
877,"Prabhu Ali",Female,High,Coding
878,"Usha Reddy",Female,Medium,Cricket
879,"Lavanya Mukherjee",Female,High,Cricket
880,"Dhruv Sharma",Male,Low,Science Club
881,"Prem Trivedi",Male,High,Basketball
882,"Arnav Singh",Male,High,Swimming
883,"Ravi Mishra",Female,Medium,Coding
884,"Eshan Dixit",Male,High,Debate
885,"Queen Pandey",Female,High,Dance
886,"Arjun Singh",Male,Medium,Football
887,"Avinash Mazumdar",Female,High,Yoga
888,"Lokesh Dixit",Female,Medium,Art
889,"Ishita Malhotra",Female,High,Badminton
890,"Bhumika Kapoor",Male,Medium,Dance
891,"Sandeep Chaudhari",Male,High,Dance
892,"Farah Nair",Female,Medium,Photography
893,"Vimal Kapoor",Male,Medium,Photography
894,"Usha Mukherjee",Female,High,Photography
895,"Chakri Chakraborty",Male,Low,Cricket
896,"Neeraj Mukherjee",Male,High,Yoga
897,"Thara Ahmed",Male,High,Dance
898,"Bhumika Dasgupta",Male,Medium,Coding
899,"Asha Mishra",Female,Low,Dance
900,"Zoya Dixit",Female,High,Writing
901,"Mukesh Dubey",Female,Medium,Dance
902,"Yuki Agarwal",Female,Low,Science Club
903,"Kapil Verma",Female,High,Art
904,"Aarav Nath",Female,Medium,Badminton
905,"Tanvi Sen",Male,Low,Cricket
906,"Divya Chopra",Female,High,Theater
907,"Sandeep Bhattacharya",Male,Low,Dance
908,"Uma Sinha",Female,Medium,Debate
909,"Leela Dixit",Male,High,Robotics
910,"Ishan Kulkarni",Female,Low,Coding
911,"Sanjay Dwivedi",Male,Low,Swimming
912,"Veda Dixit",Male,High,Theater
913,"Ramesh Chopra",Female,Low,Badminton
914,"Bidya Bhat",Male,Low,Debate
915,"Lokesh Rao",Female,Medium,Photography
916,"Eshan Verma",Male,Low,Swimming
917,"Asha Verma",Female,High,Art
918,"Lakshmi Ali",Male,High,Swimming
919,"Rohan Dwivedi",Female,High,Music
920,"Puja Patel",Female,Low,Debate
921,"Tayal Chaudhari",Female,Medium,Swimming
922,"Radha Patel",Female,Medium,Theater
923,"Vasanthi Banerjee",Female,High,Robotics
924,"Mukesh Ali",Male,Medium,Debate
925,"Lata Upadhyay",Male,Low,None
926,"Xavier Chopra",Male,Low,Yoga
927,"Priya Roy",Female,High,Robotics
928,"Avni Bhat",Male,High,Chess
929,"Yasmin Sen",Male,Medium,Cricket
930,"Harsh Tripathi",Female,High,Theater
931,"Nikhil Chakraborty",Male,High,Dance
932,"Ushma Kumar",Female,Low,Cricket
933,"Gita Kulkarni",Female,Low,Robotics
934,"Chandni Dasgupta",Male,Low,Art
935,"Farah Ali",Female,Low,Art
936,"Sangita Mazumdar",Female,Low,None
937,"Indira Nath",Male,High,Sports
938,"Gitika Dubey",Female,Medium,Cricket
939,"Ila Shah",Male,Medium,Theater
940,"Janvi Patel",Male,Low,Yoga
941,"Isha Ali",Female,High,Yoga
942,"Ramesh Reddy",Female,Low,Debate
943,"Priya Mukhopadhyay",Female,Low,Robotics
944,"Ila Rao",Male,Medium,Sports
945,"Meera Chatterjee",Male,Medium,Cricket
946,"Savitri Ali",Female,Low,Basketball
947,"Daksh Nath",Male,Low,Coding
948,"Janvi Chakraborty",Female,High,Robotics
949,"Harshit Sharma",Female,Low,Theater
950,"Malini Ahmed",Male,High,Badminton
951,"Lokesh Tripathi",Male,Medium,Dance
952,"Ishan Iyengar",Male,Low,Dance
953,"Indira Dey",Male,High,Sports
954,"Vasanthi Biswas",Male,Medium,Chess
955,"Mani Verma",Male,Low,Art
956,"Usha Bansal",Male,High,Art
957,"Harshal Bhowmick",Male,Low,Science Club
958,"Qadar Banerjee",Female,Medium,Sports
959,"Ananya Kumar",Male,High,None
960,"Ishaan Verma",Male,Low,Badminton
961,"Gitika Patel",Male,High,Theater
962,"Hema Patel",Female,Medium,Swimming
963,"Quincy Nath",Male,High,Sports
964,"Akshay Dasgupta",Male,Medium,Art
965,"Laya Banerjee",Female,High,Dance
966,"Fiona Mukhopadhyay",Male,Low,Writing
967,"Hina Nath",Male,Low,Swimming
968,"Tayal Das",Male,High,Yoga
969,"Tushar Menon",Male,High,Swimming
970,"Jeewan Iyengar",Male,Medium,Robotics
971,"Zorya Das",Female,High,Chess
972,"Ritu Singh",Male,Medium,Cricket
973,"Vishal Verma",Male,Medium,None
974,"Sangita Mishra",Female,Medium,Swimming
975,"Hema Kapoor",Male,High,Debate
976,"Anjali Pandey",Female,Medium,Music
977,"Mithal Trivedi",Female,High,Coding
978,"Avinash Ali",Male,Medium,Theater
979,"Lavanya Chaudhari",Male,Low,Debate
980,"Gyanesh Menon",Male,High,Yoga
981,"Madhuri Biswas",Male,Low,Football
982,"Faisal Dasgupta",Male,Medium,Writing
983,"Ramesh Chatterjee",Male,Medium,Art
984,"Chirag Nair",Female,Low,Science Club
985,"Tara Kulkarni",Male,Low,Yoga
986,"Avni Bhowmick",Male,Medium,Music
987,"Tanya Bhattacharya",Male,High,Chess
988,"Girish Chakraborty",Female,Low,Art
989,"Nishant Desai",Male,Medium,Debate
990,"Chakri Reddy",Female,High,Dance
991,"Ila Kulkarni",Male,Medium,Badminton
992,"Dhruv Ali",Male,Low,Cricket
993,"Uma Ahmed",Female,Low,Debate
994,"Chakri Saxena",Female,High,Writing
995,"Ojaswi Sinha",Female,Low,Basketball
996,"Laya Bhowmick",Female,Low,Badminton
997,"Rakesh Dwivedi",Male,Low,Photography
998,"Mayank Kumar",Female,Low,Art
999,"Sangita Dasgupta",Male,High,Yoga
1000,"Girish Iyengar",Male,High,Sports
